{"cameraMode":{"drawMode":0,"name":"Shaded","section":"Shading Mode"},"sceneLighting":false,"audioPlay":false,"sceneViewState":{"showFog":false,"showMaterialUpdate":false,"showSkybox":false,"showFlares":false,"showImageEffects":false,"showParticleSystems":false},"in2DMode":false,"pivot":{"x":37.52527618408203,"y":65.07763671875,"z":-681.43798828125},"rotation":{"x":0.6204432249069214,"y":-0.001644570380449295,"z":0.0013010664843022824,"w":0.7842485904693604},"size":274.26959228515627,"orthographic":false}