{"cameraMode":{"drawMode":0,"name":"Shaded","section":"Shading Mode"},"sceneLighting":false,"audioPlay":false,"sceneViewState":{"showFog":false,"showMaterialUpdate":false,"showSkybox":false,"showFlares":false,"showImageEffects":false,"showParticleSystems":false},"in2DMode":false,"pivot":{"x":0.55877685546875,"y":179.93675231933595,"z":-117.70001220703125},"rotation":{"x":0.3597263991832733,"y":-0.07740485668182373,"z":0.029961103573441507,"w":0.9293588399887085},"size":32.186397552490237,"orthographic":false}