{"cameraMode":{"drawMode":0,"name":"Shaded","section":"Shading Mode"},"sceneLighting":false,"audioPlay":false,"sceneViewState":{"showFog":false,"showMaterialUpdate":false,"showSkybox":false,"showFlares":false,"showImageEffects":false,"showParticleSystems":false},"in2DMode":false,"pivot":{"x":-14.27667236328125,"y":112.06744384765625,"z":-115.12886810302735},"rotation":{"x":0.3597263991832733,"y":-0.07740485668182373,"z":0.029961103573441507,"w":0.9293588399887085},"size":62.804283142089847,"orthographic":false}