{"cameraMode":{"drawMode":0,"name":"Shaded","section":"Shading Mode"},"sceneLighting":false,"audioPlay":false,"sceneViewState":{"showFog":false,"showMaterialUpdate":false,"showSkybox":false,"showFlares":false,"showImageEffects":false,"showParticleSystems":false},"in2DMode":false,"pivot":{"x":0.0005664825439453125,"y":0.8154119849205017,"z":0.0},"rotation":{"x":-0.27192819118499758,"y":-0.00376083399169147,"z":0.0010627751471474767,"w":-0.9623096585273743},"size":3.8892576694488527,"orthographic":false}